WELDMENT - XL INFEED TABLE ,163740902
KNEE BAR-ROUND,163675457
SIDE-OPEN IDLER,163675563
INFEED SIDE-OPEN IDLER,163675632
BRACE 1-OPEN IDLER,163675567
GUIDE-OPEN IDLER,163675562
ADJUSTER-OPEN IDLER,163675569
NUT-WELDHEX-.38-16-PPWNS-PLN,60063013
SPACER-TAIL PULLY,163675815
FILLER-NOSE,163675816
SPACER-SUPPORT,163675901
XL RAIL-LH INFEED SIDE,163693080
FILLER-LEFT TAPERED,163675069
BRACE-REAR INFEED,163675153
PAD-REAR INFEED,163675154
BRACE-REAR FOOT,163675152
BRACE-FRONT FOOT,163675151
BRACE-INFEED FUNNEL,163675150
BENT PLATE - RIGHT LEADING TAPER,163740900
PLATE-RIGHT VERT GUIDE,163675137
BENT PLATE - LEFT LEADING TAPER,163740899
FILLER-RIGHT TAPERED,163675113
TIE SHEET - RIGHT,163693089
 INFEED SIDE - RIGHT,163740921
SPACER STRAP - RIGHT,163693092
XL BRACE-INFEED WING,163740919
TIE SHEET - LEFT,163840499
SIDE - INFEED LEFT,163740920
SPACER STRAP - LEFT,163693084
XL WING-RH INFEED,163693087
XL WING-LH INFEED,163693074
PLATE-FRONT CROSS,163675112
MOUNT-FRONT INFEED,163675155
TUBE-BUMP,163675138
XL BRACE-LEADING FLOOR,163740922
MOUNT-WIPER,163680542
BRACE-FRONT TUNNEL,163680543
CROSSMEMBER - LONG SUPPORT,163675021
PLATE - INFEED FLOOR,163693123
NUT-WELDHEX-.63-11-PPWNL-PLN,401093001
XL RAIL-RH INFEED SIDE,163693088
PLATE - INFEED FLOOR,163675019
XL TOP-INFEED W/ BUMPER,163740918
MOUNT-LAMP,163675639
PAN-CHAIN TENSION,163675665
PLATE-LEFT VERT GUIDE,163675198
EAR-LIGHT,163675863
FEEDROLLER LIFTING EYE,163675886
BRACE-TUNNEL WIDTH,163675895
XL MOUNT-UPPER COMPRESSOR,163693077
XL SUPPORT-REAR COMPRESSOR,163693076
LINK-HARNESS TIEDOWN,109430001
BACKING STRIP,163680136
PLATE - ARCTIC HEATER MOUNT,163680060
AUX HEATER MOUNT - SHORT,163680081
ROD-HOSE RELIEF,163675742
XL CHANNEL-HORIZONTAL BRACE,163693091
XL BRACE-RIGHT VERTICAL,163693090
XL BRACE-LEFT VERTICAL,163840498
PLATE - E-STOP GUARD,163712284
PLATE-GUSSET,163693288
PLATE - ACCESS DOOR HINGE,163714307
PLATE - ACCESS DOOR LOCK,163714308
BAR-EDGE GUARD,163693543
TUBE-HOLDER,163672202
DEFLECTOR - BUMPER,163740908
PLATE-FORMED WEAR LEFT,163740947
PLATE-FORMED WEAR RIGHT,163740948
BENT PLATE - DOUBLER,163748856
BENT PLATE - GUSSET LEFT,163748857
BENT PLATE - DOUBLER RIGHT,163748859
BENT PLATE - GUSSET RIGHT,163748860
SEAL-INFEED CHUTE FLOOR,180012081
SEAL-INFEED CHUTE LONG,163675208
COVER-CHAIN DRIVE,163675910
WELDMENT - ACCESS DOOR,163714311
PLATE - ACCESS DOOR,163714309
PLATE - DOOR COVER,163714310
NUT-WELDHEX-.38-16-PPWNS-PLN,60063013
UHMW - CYL STOP MOUNT,180013949
WELDMENT - CYLINDER LOCK,163714321
PLATE - CYLINDER LOCK,163714312
PLATE - END,163675393
BAR-RND 7/8 X 7.0,903886001
PIN-CLEVIS-WIRE LOCK-.38-2.75-2.25-1.50,2109003
"HANDLE GRIP-7/8""W/O FINGERGRIP",109276001
"CABLE-3/32""NYLON COATED 14"" REF",1830023
"CONNECTOR - WIRE, ETC",1838001
"BUMPER-10"" RUBBER",163740909
BLOCK - SPACER,163748861
DECAL - WARNING,7000B152
DECAL -  FEED ROLLER CYLINDER LOCK,700IG481
DECAL-WARNING THROWN/ FALLING OBJECTS,7000F475
"DECAL-20.00"" COSMETIC V DECAL",7000D012
"TAPE-REFLECTIVE RED/SILVER (54 INCHES 
218467001)",163740926
"TAPE-REFLECTIVE RED/SILVER (95 INCHES 
218467001)",163740928
"TAPE-REFLECTIVE RED/SILVER (20 INCHES 
218467001)",163740927
TAPE-CONSPICUITY-2.00W-WHITE-12.0L,163845030
DECAL - WC2500XL LEFT SIDE IMPACT STRIPE,7000H911
WASHER-FLATSTRL-.63-.66X1.31-.15-A325,235715001
SCREW-HCS-.63-11X2.50-GR8,280647001
SCREW-HCS-.63-11X3.50-GR8,238208001
"SCREW INSERT, PLASTIC 10MM",157923001
NUT-TLHEX-.63-11-C,250513001
SCREW-HCS-.63-11X2.00-GR8,145645001
WASHER-FLATSTRL-.38-.41X.81-.09-GR8,266691001
SCREW-HCS-.38-16X1.00-GR8,235727001
WASHER-FLATSTRL-.38-.41X.81-.06--F436,235713001
SCREW-HCS-.38-16X2.50-GR5,510302024
